ABSalonActos,UZ-CRE.1200.01.590,5d843e60-7757-11eb-9caf-dfc963888e02
BT1_04,UZ-CRE.1201.01.280,7529b5e0-7757-11eb-9caf-dfc963888e02
AB23,UZ-CRE.1200.02.050,5f541c60-7757-11eb-9caf-dfc963888e02
TQAulaTaller,UZ-CRE.1065.02.870,5f541c60-7757-11eb-9caf-dfc963888e02
BTJuntas,UZ-CRE.1201.01.030,74699a30-7757-11eb-9caf-dfc963888e02
BT0_02,UZ-CRE.1201.00.440,6e02f600-7757-11eb-9caf-dfc963888e02
BT1_01,UZ-CRE.1201.01.310,7500d120-7757-11eb-9caf-dfc963888e02
BT1_02,UZ-CRE.1201.01.300,750d2d30-7757-11eb-9caf-dfc963888e02
BT1_03,UZ-CRE.1201.01.290,751c9680-7757-11eb-9caf-dfc963888e02
AB01,UZ-CRE.1200.00.040,59e322d0-7757-11eb-9caf-dfc963888e02
AB02,UZ-CRE.1200.00.050,5899d9f0-7757-11eb-9caf-dfc963888e02
AB03,UZ-CRE.1200.00.060,59ae3020-7757-11eb-9caf-dfc963888e02
AB04,UZ-CRE.1200.00.070,59a15ee0-7757-11eb-9caf-dfc963888e02
AB11,UZ-CRE.1200.01.030,5d33ad60-7757-11eb-9caf-dfc963888e02
AB12,UZ-CRE.1200.01.040,5b485820-7757-11eb-9caf-dfc963888e02
AB13,UZ-CRE.1200.01.050,5b546610-7757-11eb-9caf-dfc963888e02
AB14,UZ-CRE.1200.01.060,5b6221b0-7757-11eb-9caf-dfc963888e02
ABLabL0.01,UZ-CRE.1200.00.180,58ed7830-7757-11eb-9caf-dfc963888e02
ABLabL0.02,UZ-CRE.1200.00.190,58fdcbe0-7757-11eb-9caf-dfc963888e02
ABLabL0.03,UZ-CRE.1200.00.230,590bfcb0-7757-11eb-9caf-dfc963888e02
ABLabL0.04,UZ-CRE.1200.00.240,58c3f730-7757-11eb-9caf-dfc963888e02
ABLabL1.02Redes,UZ-CRE.1200.01.210,5e5263d0-7757-11eb-9caf-dfc963888e02
ABSemA.21,UZ-CRE.1200.02.030,612bc290-7757-11eb-9caf-dfc963888e02
ABSemA.22,UZ-CRE.1200.02.040,5f61ff10-7757-11eb-9caf-dfc963888e02
ABSemA.23,UZ-CRE.1200.02.050,5f541c60-7757-11eb-9caf-dfc963888e02
ABSemA.24,UZ-CRE.1200.02.070,5f4660c0-7757-11eb-9caf-dfc963888e02
ABSemA.25,UZ-CRE.1200.02.080,5f396870-7757-11eb-9caf-dfc963888e02
